ID,Title,Location,Salary,Summary
39371de8f58f18d5,(주)케이피엔 2021년 상반기 - 웹 개발,케이피엔 성남 분당구,,게임>웹프로그래머>JSP|인터넷·IT·통신·모바일·게임>응용프로그래머> JAVA|인터넷·IT·통신·모바일·게임>웹프로그래머>PHP |인터넷·IT·통신... 통신·모바일·게임>웹프로그래머> JAVA|인터넷·IT·통신·모바일·게임>웹프...
ff0d9391b85840fe,(주)바이오니아 2021년도 바이오인포메틱스 부문,바이오니아 대전 대덕구,,"및 관련 분야 전공 -. 생물정보 분석 경험자 및 프로그래밍 가능자(python, perl, R, Java, c++) -. 생물학 관련 DB 활용 가능자(NCBI, Ensembl, etc) -. 석사 학위 이상 -. 관련..."
e7e30bfd43c19e3b,"스타트업 정규 개발직 신입, 경력직 사원",아이언트레인 서울 강남구,,엔드|인터넷·IT·통신·모바일·게임>웹프로그래머>프론트엔드|인터넷·IT·통신·모바일·게임>웹프로그래머> JAVA|인터넷·IT·통신·모바일·게임>응용프로그래머>Linux|인터넷·IT·통신·모바일·게임>응용프로그래머>Android...
7b04030358d701b1,[서울시뉴딜] 디지털사이니지 · 실감콘텐츠 분야 전문인력 양성 교육 /...,스마트미디어산업진흥협회 서울,,바일·게임>웹프로그래머>JSP|인터넷·IT·통신·모바일·게임>웹프로그래머> JAVA|인터넷·IT·통신·모바일·게임>웹프로그래머>백엔드|인터넷·IT·통신... 통신·모바일·게임>응용프로그래머> JAVA|인터넷·IT·통신·모바일·게임...
cf9c9fc141a2e835,[TmaxSoft/기술] Soft 제품 QA,티맥스소프트 성남 분당구,,"테스팅, 기술지원) 경력 4년이하 - Java 또는 C 언어를 이용한 프로그래밍 가능자 - IT 관련학과 전공자 우대사항 - C언어 숙련자, TP-Monitor Tmax 유경험자 - JAVA언어 숙련자, 웹 애플리케이션 서버..."
58ca97c3c919f00e,(주)신세계아이앤씨 서버/네트워크/보안 부문 상시,신세계아이앤씨 서울 중구,,"클라우드 서비스 플랫폼 개발 [정규직, 3년 이상] 직무 클라우드 서비스 플랫폼 개발 인원 0명 공통사항 -. Java 운영 경력 5년 이상 보유자 -. 오픈소스 개발 경험자 (Rabbit MQ Broker, RESTful..."
4698c0e2364b5576,[넥슨·엔씨소프트등] 자바·파이썬 응용SW 개발자 양성교육 · 동종업계...,한국직업전문학교 서울 구로구,,통신·모바일·게임>응용프로그래머> JAVA|인터넷·IT·통신·모바일·게임... 로그래머>머신러닝(ML)|인터넷·IT·통신·모바일·게임>웹프로그래머> JAVA|인터넷·IT·통신·모바일·게임>웹프로그래머>Python|인터넷·IT·통신...
ae1b9a320e54bc5e,"C·C++, JAVA 외 경력 정규직",데이빅스 서울 구로구,,JAVA|인터넷·IT·통신·모바일·게임>응용프로그래머>Pro-C|인터넷·IT·통신·모바일·게임>응용프로그래머>Linux|인터넷·IT·통신·모바일·게임>응용프로그래머>API|인터넷·IT·통신·모바일·게임>웹프로그래머> JAVA...
643ef4db65461d01,"[(주)데이터누리] Java 개발자 신입, 경력",데이터누리 서울 강서구,,"[우대조건] - 신입 Java 개발(App 및 Web App) 가능 Web Front 개발(Javascript, Node.js, Jquery) 가능 - 경력 데이터 이행(ETL/EAI/ESB) 업무 가능자 Java 개발(App 및..."
3f8eb1de24add612,디지털 플랫폼 개발 경력사원,LG전자 3.8 서울 영등포구,,"B2C 앱(커머스) 서비스 구축 및 App 경험(개발 프로젝트 기획부터 릴리스까지) - App 구축에 필수적인 JAVA, .Net, Android, iOS, Database 기술 이해 - WBS 기반의 프로젝트 일정 관리 및..."
b1aa8525a25313d3,(주) 유니메오 함께할 (웹) 백엔드 [경력 ] 개발 인재 찾습니다.,유니메오 서울 서초구,,"[직무내용] [담당업무] - Java,Spring기반 서버개발 -개발팀 일정 및 업무관리 [자격요건] - Java,Spring기반 서버Application 개발 및 운영경험 -서버와 클라이언트 간 RESTful 기반의 개발 경험..."
aa4f54d9c677fd73,인프라보안,NHN 4.4 성남 판교역,,"임워크 계층별/영역별 취약점에 대한 충분한 이해 - CVE 보안취약점 분석 및 대응 역량 - C, Java, Python 등을 통한 업무 자동화 및 분석도구 개발 경험 - 리버스 엔지니어링에 능숙하거나..."
dd31b1e46e59190d,"응용프로그램 개발 (C#, JAVA) (신입/경력)",비에스엔씨 서울,,"영어가능자, 해외근무 가능자, 지방근무 가능자 인터넷·IT·통신·모바일·게임>응용프로그래머>C#|인터넷·IT·통신·모바일·게임>응용프로그래머> JAVA"
3838b2ba3fb63822,Java/spring frame work 기반 웹 개발자 및 모바일 어플...,컴플렉시온 서울 강남구,,"필수요건 Java 기반 웹 개발 -Spring Framework를 활용한... 개발 -Android( Java), iOS(Swift) 개발 경력 5년 이상 인터넷·IT·통신·모바일·게임>웹프로그래머> JAVA|인터넷·IT·통신·모바..."
fe5e79a112b1e2cc,JAVA 기반 웹개발자 정규직,에이머쉬 서울 금천구,,Nexacro 경험자 우대 에이머쉬(주) JAVA 기반 웹개발자 정규직 채용 모집부문 및 자격요건 담당업무 자격요건 인원 [담당업무] 웹개발 프로젝트... 취소될 수 있습니다. 인터넷·IT·통신·모바일·게임>웹프로그래머> JAVA
1fed751211de4297,( java ) 웹 / 앱 개발자 정규직,찬컴퍼니 고양 덕양구,,java ) 웹/앱 개발자 정규직 모집부문 및 자격요건 담당업무 자격요건 인원 [담당업무] ㆍ web 개발 ㆍ app (android/ios) 개발 [자격요건] ㆍHTML / CSS / javascript ㆍ java(ASP...
681af0fd653ac830,[유명 신용카드사] DW 개발 및 운영 (과장급),제이앤피에이치알컨설팅 서울,,"Ecosystem의 이해 필요 - JAVA, Python 개발 경험자... 그래머>인공지능(AI)|인터넷·IT·통신·모바일·게임>응용프로그래머> JAVA|인터넷·IT·통신·모바일·게임>데이터베이스·DBA>DW|인터넷·IT·통신..."
52f8fb3f7e662c5d,[카카오커머스] 기술직군,카카오커머스 성남 분당구,,1년 이상 경험이 있으신 분 - Java & Spring framework... Android 개발 2년 이상 업무 경험이 있으신 분 - Kotlin과 Java에 대한 이해도가 있으신 분 - 서비스 개선에 대한 열의와 적극적 태도...
17b8d24c72e3aec4,채널5코리아 2021년 웹개발팀 경력사원,채널5코리아 서울 구로구,,"ASP, PHP 개발운영 - MS, MySQL 구축 운영 우대사항 - JAVA 개발 경험 - Wowza 기반 개발 경험 - 영상 플랫폼 개발 경험자... 통신·모바일·게임>응용프로그래머> JAVA|인터넷·IT·통신·모바일·게임..."
5d44e35e43b388cf,은행권 JAVA 초·중급 SM,레오컴 서울 영등포구,,(주)레오컴 JAVA 초급/중급 은행권 SM 모집 모집부문 및 자격요건 담당... 안정적이고 효율적인 데이터 처리를 위한 플랫폼 유지보수/개발 자격요건 - Java 를 활용한 클라이언트 개발 경험이 있으신 분 - Windows...
d94d6a9512e221bb,"웹개발, JAVA 외 경력 정규직",애드맥스 서울 강남구,,"템플릿 6 애드맥스 웹개발, JAVA 외 경력 정규직 채용 모집부문 및... Backend 개발 및 유지보수 ( JAVA, Spring) 2. 광고 운영 웹 서버 담당 - Backend 개발 및 유지보수 ( JAVA, Spring..."
1d5b2ec69b362493,"JAVA, Linux 외 신입 정규직",나눔기술 서울 강남구,,"(주)나눔기술 JAVA, Linux 외 신입 정규직 채용 모집부문 및 자격요... 취소될 수 있습니다. 인터넷·IT·통신·모바일·게임>응용프로그래머> JAVA|인터넷·IT·통신·모바일·게임>응용프로그래머>Linux|인터넷·IT·통신..."
b74347d1971350c7,공공기관 SM 운영 유지보수 업무 JAVA 선릉역 전화응대 친절하신분,암펠 서울 강남구,,담당업무 자격요건 인원 JAVA 운영 유지보수 고객사/관리자 전화 받아서 사이트관리 및 고쳐주는 업무 [자격요건] 경력사항: 경력 (4년 이상 ) 학력사항: 고등학교 졸업 이상 직무기술: JAVA 특이 사항 : 전화 응대...
d4c52ba1a491a8b9,현대무벡스 경력사원 상시,현대무벡스 서울 종로구,,특허|인터넷·IT·통신·모바일·게임>웹기획·웹마케팅·PM>웹기획|인터넷·IT·통신·모바일·게임>웹프로그래머> JAVA|인터넷·IT·통신·모바일·게임>웹프로그래머>Python|인터넷·IT·통신·모바일·게임>네트워크·서버·보안...
b6b83d362a077357,[TmaxGroup/R&D] R&D 개발 연구원 리더급 경력,티맥스소프트 성남 분당구,,4년제 대졸(학사) 이상 과장(책임)급 경력자 (7~8년 이상) 팀장 또는 실장 유경험자 우대 C & JAVA 프로그래밍 유경험자 우대사항 컴퓨터 및 전산 관련 또는 전자공학 전공자 우대 석사 이상 학위 소지자 우대...
11f4e5048af50bfe,"JAVA, C언어, 암호화모듈 솔루션 개 개발자 신입 및 경력",이지서티 서울 구로구,,"(주)이지서티 JAVA, C언어, 암호화모듈 솔루션 개발자 신입 및 경력직 채용공고 모집부문 및 자격요건 담당업무 자격요건 인원 [담당업무] 제품개발, 솔루션 개발(C, JAVA) [근무부서 및 직급/직책] 근무부서: 제품개발..."
335b273793ac2425,2021년 시스템 아키텍트 경력직,멀티캠퍼스 서울 강남구,,"성능 모니터링, 취약점 분석 및 개선 - 백업 및 복구, 마이그레이션 - 개발 언어 및 개발 스크립트 이해( Java 등) - 시스템 투자 및 비용의 예산 수립 집행, 계약 등 ② Cloud System - VMWare..."
1edfb47e9adca65e,2021년 상반기,한국산지보전협회 대전 서구,,무지 정규직 0명 개발 (JSP/ JAVA개발) ◦ 전공분야... 정보... 인터넷·IT·통신·모바일·게임>웹프로그래머> JAVA|인터넷·IT·통신·모바일·게임>응용프로그래머> JAVA|인터넷·IT·통신·모바일·게임>응용프로그래머...
73d2d447bff17ba9,"JAVA 프로그래밍, 안드로이드 앱 개발자",인프라칩 경기도 하남,,"[직무내용] * 직무내용 안드로이드 스마트폰 앱 개발 JAVA 프로그래밍 개발 JAVA, KOTLIN 등 경력자 우대 [근무시간 및 형태] 주 5일... 병역특례] - 비희망 인터넷·IT·통신·모바일·게임>응용프로그래머> JAVA"
79e7ff2fac943c8f,Java개발 경력자,토니서치 성남 분당구,,"력사항: 대학교(4년)졸업 이상 - JAVA 개발 경력 5년 이상 - AngularJS 1.5 코드 분석 가능자 (AngularJS-jsp 프론트엔드 refactory 업무 수행) - Java, Spring Framework..."
efb69a29d8bd7514,2021년 IITP 주관 글로벌핵심인재양성 지원사업,정보통신기획평가원 대전 유성구,,케팅기획|마케팅·광고·홍보·조사>홍보·PR·전시·컨벤션>언론홍보|인터넷·IT·통신·모바일·게임>웹프로그래머> JAVA|인터넷·IT·통신·모바일·게임>ERP·시스템분석·설계>인공지능(AI)서비스기획|인터넷·IT·통신·모바일·게임...
104d38fbe4ea2bcd,JAVA 개발자,지미디어 성남 분당구,,원서 및 제출서류에 허위사실이 있을 경우 채용이 취소될 수 있습니다. 인터넷·IT·통신·모바일·게임>웹프로그래머> JAVA|인터넷·IT·통신·모바일·게임>웹프로그래머>JSP|인터넷·IT·통신·모바일·게임>응용프로그래머> JAVA
5427e21e463b7e42,[TmaxTibero/기술] DBMS 제품 QA 신입 및 경력,티맥스소프트 성남 분당구,,"세스 개선 - 테스트 시나리오 기획/작성, 테스트 및 관리 - 품질관리 시스템 개발 및 유지보수 자격요건 - Java/C/Python 초급 개발자/경험자 - Unix/Linux 엔지니어 경험자 - IT 관련 학과 4년 대졸자..."
8a2f1c0c95d5f4a8,[인턴] 물류 IT전문기업 이앤씨지엘에스,이앤씨지엘에스 성남 분당구,,응용프로그래머>자바스크립트|인터넷·IT·통신·모바일·게임>응용프로그래머>Android|인터넷·IT·통신·모바일·게임>응용프로그래머> JAVA|유통·물류·운송·운전>운송·물류>물류관리|유통·물류·운송·운전>운송·물류>창고관리
e5808697206c47a3,2021 상반기 JAVA 웹 개발자,데이터로직스 서울 강남구,,인원 JAVA 웹 개발자 [자격요건] -학력 : 초대졸이상 (졸업예정자 가능) -경력 : 신입/경력 [우대조건] - 즉시 출근 가능자 - JAVA 활용... 그래머> JAVA|인터넷·IT·통신·모바일·게임>응용프로그래머> JAVA|인터...
dd86bcb172f991db,2021년 상반기 신입 및 경력사원,티에이케이정보시스템 서울 강서구,,"직종) 기술영업(IT.솔루션)기술영업, 솔루션영업, 시스템영업, SI영업 웹프로그래머웹프로그래머, ASP, JAVA, .NET, MS-SQL 서버.보안.네트워크.DB서버구축 산업별(업종) 솔루션.ASP.소프트웨어 소프트웨어개..."
cfa871765044598b,"신입 웹개발자(JAVA,JSP)",제스트씨엔에스 서울 구로구,,"[응용 프로그래밍] - C, C++, JAVA, 임베디드 개발 유경험자 - .NET... 또는 라이브러리 구축 가능자 [응용 프로그래밍] - C, C++, JAVA, 임베디드 개발 유경험자 - .NET 프레임워크에 대한 기반 지식 보유자..."
03d5a6f22222d04a,바인텔레콤 기술연구소 S/W 신입&경력 정규직,바인텔레콤 안양 만안구,,후 결정 가능 [장애인채용희망여부] 비희망 [병역특례] - 비희망 인터넷·IT·통신·모바일·게임>응용프로그래머>C·C++|인터넷·IT·통신·모바일·게임>응용프로그래머> JAVA|인터넷·IT·통신·모바일·게임>응용프로그래머>C#
1b3212294c7c47d1,[핀테크] Web / Java / Android 개발자,컴트루테크놀로지 서울 마포구,,바일·게임>응용프로그래머> JAVA|인터넷·IT·통신·모바일·게임>응용프로그래머>Android|인터넷·IT·통신·모바일·게임>응용프로그래머>C·C++|인터넷·IT·통신·모바일·게임>웹프로그래머> JAVA|인터넷·IT·통신·모바일...
f0763e95aeadd18a,공공업무 개발구축 경력직 (JAVA 개발자),이지트론 서울 강남구,,"바랍니다. 입사지원 서류에 허위사실이 발견될 경우, 채용확정 이후라도 채용이 취소될 수 있습니다. [기타 우대내용] 유관업무 경력자 (4년) WebSquare5 유경험자 인터넷·IT·통신·모바일·게임>응용프로그래머> JAVA"
82d3ee89cf6b7fb3,[Biz] 광고 공통플랫폼 Data Engineer/DMP Enginee...,네이버 서울,,"모델링 - HTTP API 서버 설계/개발 [자격요건] * 하기 요건 중 2개 이상 해당 - Kotlin, Java, Scala, Python 중 1개 이상의 언어를 활용한 소프트웨어 개발 역량 - SpringBoot 기반..."
2120aee1f798ec41,"웹개발, 운영 신입/경력직",파인랩 서울 강남구,,"2년 이상) 학력사항: 대학졸업 이상 직무기술: 웹개발 [필수 조건] - JAVA, JSP - Oracle [우대 사항] 보험 및 금융 웹 관련 운영... 웹프로그래머>JSP|인터넷·IT·통신·모바일·게임>웹프로그래머> JAVA"
232d303badc95396,JAVA 경력 정규직,브라이트컨설팅 과천 과천시,,"브라이트컨설팅 JAVA 경력 정규직 채용 모집부문 및 자격요건 담당업무... 프로젝트 설계 및 개발 수행 [관련경력 5년 이상] [필수/우대사항] (필수) Java, JSP, Spring Framework (3년 이상) (필수..."
a7dff35013b21440,"Java 개발자 정규직 (신입, 경력)",메타소프트 서울 구로구,,"3년) 성별 무관 기타 담당업무 Java 개발자 정규직 채용(신입, 경력... 커리어 온라인 이력서 직무/산업 직무별(직종) 응용프로그래머전산전공, Java 시스템프로그래머시스템프로그래머 시스템분석.설계.SE시스템분석, 시스템설..."
9819ba37f864cc20,프로그래머 (어플리케이션 개발자 또는 웹개발자),오너클랜 서울 금천구,,제출 기타사항 허위사실이 발견될 경우 채용이 취소될 수 있습니다. 인터넷·IT·통신·모바일·게임>응용프로그래머> JAVA|인터넷·IT·통신·모바일·게임>응용프로그래머>C·C++|인터넷·IT·통신·모바일·게임>응용프로그래머>자바...
14076e1efa25f8da,그린뉴딜분야 연계형 교육 참여,사단법인 한국벰스협회 서울 구로구,,인터넷·IT·통신·모바일·게임>응용프로그래머>Visual Basic|인터넷·IT·통신·모바일·게임>응용프로그래머> JAVA|인터넷·IT·통신·모바일·게임>응용프로그래머>DirectX|인터넷·IT·통신·모바일·게임>응용프로그래머...
490021ac3aba8cfa,"JAVA, C·C++ 신입 프로그래머 (SI/SM)",이포즌 서울 성동구,,"년)졸업 이상, 공학계열 직무기술: - JAVA, C++, EAI 등 언어... 응용프로그래머>C·C++|인터넷·IT·통신·모바일·게임>응용프로그래머> JAVA|인터넷·IT·통신·모바일·게임>데이터베이스·DBA>MySQL|인터넷..."
efae3ea8c3b72b48,[ETECH] SmartEditor 개발 연계형 인턴,네이버 서울,,"시스템 개발 [ 자격 요건 ] - Java, Spring, MySQL... 편집방식 다변화 [ 자격 요건 ] - Android앱 개발 경험 - Java, Kotlin 언어에 대한 기본적인 이해 [ 우대사항 ] - 문제에..."
b45757f14de61b24,"WEB개발(JAVA, JSP) 경력 정규직, 프리랜서",에이앤티솔루션 성남 분당구,,"등) (주)에이앤티솔루션 WEB개발( JAVA, JSP) 경력 정규직, 프리... 채용이 취소될 수 있습니다. 인터넷·IT·통신·모바일·게임>웹프로그래머> JAVA|인터넷·IT·통신·모바일·게임>웹프로그래머>JSP|인터넷·IT·통신..."
54e0d08c99dcf507,MI(Market Intelligence)담당 마케팅 전략 경력사원,LG전자 3.8 서울 영등포구,,"전략/방향성 도출 경험 보유 4) 우대 사항 - 통계 분석 및 프로그래밍 언어 역량 보유: R, python, Java, SPSS, Tableau, etc. - 영어 능통 역량: 해외법인과 영어 화상 회의 및 현지 임직원과의..."
ea85f936278d5eb2,전자정부프레임워크 백엔드개발 신입/경력 정규직,퀀텀에듀솔루션 서울 구로구,,제출서류에 허위사실이 있을 경우 채용이 취소될 수 있습니다. 인터넷·IT·통신·모바일·게임>웹프로그래머> JAVA|인터넷·IT·통신·모바일·게임>웹프로그래머>JSP|인터넷·IT·통신·모바일·게임>웹프로그래머>HTML·DHTML...
bc764b9bc50e3059,"웹퍼블리셔(HTML코딩), 웹디자인 외 경력 정규직, 계약직",예담정보통신 서울 금천구,,"경력사항: 경력(4년 이상 15년 이하) 학력사항: 학력무관 직무기술: Java, 웹퍼블리셔, 웹디자이너 00 명 근무조건 고용형태: 정규직, 계약직... 게임>웹디자인>웹디자인|인터넷·IT·통신·모바일·게임>웹프로그래머> JAVA"
dd225d5ae97842c0,[웹젠] 게임보안(경력),웹젠 성남 분당구,,AOS/IOS 어플리케이션 리버싱 가능한 분 - C/C++/Python/ Java 등 개발 능력을 보유한 분 - 암호화 / 네트워크 /DB 등 보안에... 분 - C/C++/Python/ Java 등 개발 능력을 보유한 분 - 암호...
409b9a01f0b27ace,플랫폼 개발 / 운영 백엔드 개발자,에스케이플래닛 성남 분당구,,인터넷·IT·통신·모바일·게임>통신·모바일>플랫폼(VM)|인터넷·IT·통신·모바일·게임>웹프로그래머>백엔드|인터넷·IT·통신·모바일·게임>웹프로그래머> JAVA|인터넷·IT·통신·모바일·게임>ERP·시스템분석·설계>AWS
5cb14c0712a6c4c1,시스템 엔지니어링,NHN 4.4 성남 판교역,,"보유 및 X86 서버 운영 경험 보유 - 기본적인 운영도구 개발 가능자 * Python, Django, JAVA - 웹 서비스 또는 플랫폼 개발 경력 보유자 - OpenStack 기반의 클라우드 설계 구축 및..."
097b39c3b4405da2,소프트웨어 개발자(JAVA 개발자 등),나래커뮤니케이션즈 경기도 하남,,"지원자격 경력 신입·경력 학력 - 성별 무관 기타 담당업무 JAVA를 이용한 어플리케이션 개발, Springframework(스프링 프레임워크) 기반 개발, Front-End(프론트 엔드) 개발 상세모집요강 접수기간/방법..."
e128a93f12ca7a8d,그룹웨어 ERP 프로그램 개발,다큐 서울 구로구,,"ERP 개발 담당업무 - 사내ERP 프로그램 개발 및 유지보수 (인사/급여/회계) - 사내 그룹웨어 연동 - JAVA, PHP, NET 활용 - DBMS: Maria DB 우대조건 - 유관업무 경험자 - 전공 : 전산학..."
385c58c7ced1d77b,데이터 사이언티스트를 지향하는 데이터 엔지니어 모집,카카오 4.0 성남 판교역,,"Hive, Spark 등 빅데이터 분석 플랫폼을 사용하여 대용량 데이터의 수집,가공이 가능한 분 프로그램 개발( Java, python 등) 기술을 보유하신 분 어떤 일이라도 중요하게 여기며 책임감 있게 진행할 수 있으신 분..."
60c16fae444cf985,자바 Java 경력10년 이상 개발자 프로그래머,스마트컨버전스 수원 영통구,,"자바 Java 경력10년 이상 개발자 프로그래머 모집부문 및 자격요건 담당업무 자격요건 인원 [담당업무] JSP, JQUERY, Java script... JAVASCRIPT, 자바, JAVA, JQUERY [우대사항] 전공계열..."
4f431b8e522d24c8,2021년 각 부문 경력직원 [정보시스템팀],SFA반도체 천안 서북구,,C# 및 JAVA 개발경험 3년 이상 - DB(MS-SQL/Oracle) 경험 3년 이상(프로시져 개발가능) - 마이그레이션( Java → C#) 전환... 응용프로그래머> JAVA|인터넷·IT·통신·모바일·게임>웹프로그래머> JAVA
da13969affb5eb28,Java Springboot 개발자,온넷시스템즈코리아 서울 서초구,,(주)온넷시스템즈코리아 Java Backend 개발자 모집 모집부문 및 자격요건 담당업무 자격요건 인원 [담당업무] Java Springboot 서버... 통신·모바일·게임>응용프로그래머> JAVA|인터넷·IT·통신·모바일·게임...
647d8f74e4e60bb6,"[신입/경력] UIUX디자인, 웹서비스 개발, 솔루션 영업 및 영업지원...",알티넷 서울 강남구,,"경력(5년 이상 ) 학력사항: 대학(2,3년)졸업 이상 직무기술: JAVA개발, UIUX디자인, 솔루션영업 [우대사항] 전공계열: 공학계열 우대사항... 웹프로그래머>AJAX|인터넷·IT·통신·모바일·게임>웹프로그래머> JAVA"
7d5b948726c9ca0f,JAVA/JSP[Egov/Spring] 홈페이지 유지보수 담당 개발자,퀀텀에듀솔루션 서울 구로구,,보수 정규직채용 모집부문 및 자격요건 담당업무 자격요건 인원 [담당업무] JAVA/JSP[Egov/Spring] 홈페이지 유지보수 담당 [근무부서 및... 통신·모바일·게임>웹프로그래머> JAVA|인터넷·IT·통신·모바일·게임>웹프...
2a97fd806d642347,정규직/병역특례전문요원 단말 에이전트 개발자 신입/경력,아라드네트웍스 서울 양재동,,"Android 및 Linux) 개발 [기본사항] - 신입/경력 2년 [자격요건] - C/C++, Java 중 하나 이상의 개발 가능자 [우대사항] - Linux 경험자 - 안드로이드 개발 경험자 - socket..."
e1db1c888269013b,"C·C++, JAVA 외 경력 정규직",에이스파트너스서치펌 서울,,"C++, JAVA 외 경력 정규직 채용 모집부문 및 자격요건 담당업무 자격요건 인원 [담당업무] 직무내용: 응용프로그램(C, JAVA) 유지보수 소요기술: C, C++, C#, JSP, JAVA, SOCKET 및 Oracle..."
d18b4caa2bada9ee,[국내 최고회사] Front-End 개발자(사원~대리),인코리아 프로페셔널 성남 분당구,,사실이 있을 경우 채용이 취소될 수 있습니다. 인터넷·IT·통신·모바일·게임>웹프로그래머>HTML·DHTML·mHTML|인터넷·IT·통신·모바일·게임>웹프로그래머> JAVA|인터넷·IT·통신·모바일·게임>웹프로그래머>프론트엔드
f4190a8dbb8c05b1,[AI R&D] Language AI(NLP) Research 분야 수시...,엔씨소프트 2.7 성남 판교역,,"Machine Learning에 대한 이해와 활용 능력 및 text 처리 기술에 대한 경험 - Python, Java 등을 이용하여 NLP 기술을 구현 가능한 분 - 최신 기술(논문, 기술문서 등)을 습득하는 것에 어려움이..."
cb5a89202dac62ce,[B마트] 안드로이드 개발자,우아한 형제들 서울 송파구,,"및 RxJava 사용 경험이 있으신 분 - 각종 문제 해결 경험이 있으신 분 [개발환경] - 사용 언어: Java / Kotlin - 주요 라이브러리: RxJava2, Retrofit2, OkHttp3, Glide - 업무..."
5f32a56184cd7eee,국내캐피탈사 개인금융 IT개발,제이엔커리어 서울 강남구,,사세 확장으로 인재를 채용하고 있습니다. 입사지원서 및 제출서류에 허위사실이 있을 경우 채용이 취소될 수 있습니다. 인터넷·IT·통신·모바일·게임>웹프로그래머> JAVA|인터넷·IT·통신·모바일·게임>응용프로그래머> JAVA
a535b6876549fcaa,웹솔루션 개발자 (JAVA/JSP)삼성SDS 수원 근무,리버스아이티 수원 영통구,,루션개발자 모집 / JAVA/ JSP) 삼성SDS수원 모집부문 및 자격요건 담당업무 자격요건 인원 [담당업무] 웹솔루션 개발 ( JAVA/JSP) [근무... 통신·모바일·게임>웹프로그래머> JAVA|인터넷·IT·통신·모바일·게임>웹프...
e83b219a3cf066a6,[중급/고급] IT 프로젝트 리더(PM/PL),스퀘어네트 성남 분당구,,"업무 경험이 있으신 분 . Java 프로그래밍 경력 5년 이상 또는 그에 준하는 경력을 보유하신 분 스퀘어네트(주) JAVA, PM 경력 정규직 채용... PM) 업무 경험이 있으신 분 . Java 프로그래밍 경력 5년 이상 또는..."
67eec205755fed03,본사 기후변화대응처 온실가스정보팀 기간제근로자 직원,한국환경공단 3.5 대한민국,,"인정하는 자 다. 전산 및 컴퓨터 정보처리 관련 학과 전공자, 환경 및 화학공학 전공자 ※ 전산 전공자는 Java, Oracle 등 관련 경험자 또는 자격증 소지자 우대(보유시 근거자료 제출) 라. 채용 즉시 근무 가능..."
f4cb61ccecb88915,"프로그래머 (JAVA, javascript) 개발경험자",네스터원 서울 마포구,,"성별 무관 기타 담당업무 국방사업 공공분야 개발 및 유지보수 경험자 Java, javascript 가능자 상세모집요강 접수기간/방법 지원방법... 그래머웹프로그래머, ASP, JSP, JAVA, Servlet, CORBA..."
edc6e7f0577700a0,"JAVA, JSP 외 경력 정규직",콜라비 서울 금천구,,JAVA|인터넷·IT·통신·모바일·게임>웹프로그래머>JSP|인터넷·IT·통신·모바일·게임>웹프로그래머>Servlet|인터넷·IT·통신·모바일·게임>웹프로그래머>AJAX|인터넷·IT·통신·모바일·게임>응용프로그래머> JAVA...
91bb13d65421a8d0,웹 프로그래머(Java/JSP/PHP) 신입/경력,팜존에스엔씨 안양 동안구,,통신·모바일·게임>응용프로그래머> JAVA |인터넷·IT·통신·모바일·게임... 게임>웹프로그래머>PHP |인터넷·IT·통신·모바일·게임>웹프로그래머> JAVA |인터넷·IT·통신·모바일·게임>웹프로그래머>EJB |인터넷·IT·통신...
f8e57bb7e45a66b6,[경력] Java 웹개발 정규직,가온아이 서울 강남구,,가온아이 [경력] Java 웹개발 정규직 모집합니다. 모집부문 및 자격요건 모집분야 담당업무 자격요건 경력 Java 웹 개발자 그룹웨어 응용프로그램... 통신·모바일·게임>웹프로그래머> JAVA|인터넷·IT·통신·모바일·게임>웹프...
93c307b1bbc3fa17,[Biz] 버티컬 서비스(여행/Flyer) & 광고플랫폼 FE/BE 개발...,네이버 서울,,"광고 플랫폼 전송/제어 시스템 개발 - 네이버 광고 개인화 추천 시스템 개발 [자격요건] - Kotlin, Java, Scala, Python 중 1개 이상의 언어를 사용하여 웹서비스 개발 개발 2년 이상 - HTTP프로토..."
450b6d24362fb077,"웹 개발자(Java·JSP, Ajax, API, Postgresql)",코비즈원 서울 성동구,,"업무 ㆍ솔루션 개발 개발언어 ㆍ Java·JSP, Postgresql 기본... 게임>웹프로그래머>JSP|인터넷·IT·통신·모바일·게임>응용프로그래머> JAVA|인터넷·IT·통신·모바일·게임>웹프로그래머>PHP |인터넷·IT·통신..."
4d809ca6bf2bf412,[외국계 전자기업/나스닥] Software Application Engineer,써치포리더스 경기도 성남,,"customer issues. -SW development: knowledgeable in C/C ++, Java, Phyton and other programming languages for embedded system..."
4e675d33995f597d,[신입] Java·JSP 부문 정규직 모집,(주)아이컴시스 관심기업 서울 가산동,,"근무조건 정규직 급여 3000~4000만원 주 5일 | 오전 9시~오후 6시 서울 구로구 지하철 서울7호선 가산디지털단지역 지원자격 신입, 경력 3년 이상 undefined 대학교(4년) 우대조건 IT 직무, IBK창공..."
3440d453b3791da1,AI 및 컨텐츠 플랫폼 서버 개발자 모집,엔씨소프트 2.7 성남 판교역,,"등을 이용한 API 서버 구현 경험 우대사항 - Spring Cloud등 MSA 기반 서비스 구축 경험 - Java, Spring Framework 등 Enterprise 시스템 개발 경험 - MySQL, MongoDB 등..."
9c7d651cb48b8f47,[SW개발전문회사] java 웹 개발 프로그래머,메이드인헤븐 서울 구로구,,"학력 대학졸업(2,3년) 성별 무관 기타 담당업무 [SW개발전문회사] java 웹 개발 프로그래머 채용 커리어 양식 지원 상세모집요강 접수기간... 직종) 웹프로그래머웹프로그래머, JAVA 응용프로그래머전산전공 산업별(업종..."
d92b186d52965dff,[TmaxA&C/관리] 디지털 마케팅 웹개발자,티맥스소프트 성남 분당구,,"홈페이지 개발 및 운영 자격요건 개발 3~7년 경력자 JSP, Java 프로그래밍 가능자 javascript, jQuery DB 관련 지식 보유자 우대사항 컴퓨터, SW 전공계열 이미지 및 동영상 제작 및 편집..."
c24719979e03f155,"웹/앱 프로그래머, 디자이너, 퍼블리셔, 기획자",웹비즈크리에이티브 서울 송파구,,"무관 기타 담당업무 1) 프로그램: JSP / PHP / ASP / Java / SPRING / 안드로이드 / 아이폰 / Javascript / J... 그래머웹프로그래머, ASP, JSP, JAVA, Servlet, CORBA..."
ffef0a7d3b32820f,"Java, 자바 신규 인력",에이아이넷 서울 금천구,,"록하지 않으셨다면!! 상세 이력서 등록하기 지원양식 커리어 온라인 이력서 직무/산업 직무별(직종) 응용프로그래머전산전공, Java 산업별(업종) 솔루션.ASP.소프트웨어 솔루션 SI.SM.ERP.CRM CRM, ERP, SI"
d018b82d2b08d6f1,2021년도 CADAS 신입사원,카다스 창원 의창구,,"직무/산업 직무별(직종) 응용프로그래머VisualC, VisualC++, VisualBasic, C, C++, MFC, PowerBuilder, Java, .NET, Tuxedo 산업별(업종) 컴퓨터.하드웨어.주변기기 컴퓨터"
455517a550f3f1ac,금융디지털분야(SI) 경력,LG CNS 3.7 서울,,"우대사항(해당 내용 중 1개 이상) ① 은행 차세대 프로젝트에서 PL, 설계 업무 수행경험 (2회 이상) ② Java 개발 가능 인력 상세 모집분야 ① 은행 차세대 프로젝트의 정보계 시스템 구축 ② 은행 정보계 시스템 구축..."
b52175dbd923073c,"웹(JAVA, JSP),기획/설계 경력자",아와소프트 성남 분당구,,및 제출서류에 허위사실이 있을 경우 채용이 취소될 수 있습니다. 인터넷·IT·통신·모바일·게임>웹프로그래머> JAVA|인터넷·IT·통신·모바일·게임>웹프로그래머>JSP|인터넷·IT·통신·모바일·게임>웹기획·웹마케팅·PM>웹기획...
12ddc3d68d9cafaa,"웹개발, JAVA 경력 정규직",에임즈인터내셔널코리아 서울 서초구,,"(주)에임즈인터내셔널코리아 웹개발, JAVA 경력 정규직 채용 모집부문 및... 팀원, 파트장 [자격요건] -유관 업무경력 4~10년 대리~과장급 - Java웹개발 경력 -Spring, Spring boot MVC 모델 프레임워크..."
a2b8aae664300392,신한AI 인공지능(AI) 인력,신한에이아이 서울 영등포구,,"지능 / 수학 / 산업공학 / 컴퓨터공학 / 통계 관련 [우대사항] - 프로그래밍 숙련자 (python 外 C++, Java 등) - 금융데이터 또는 시계열 데이터 기반 인공지능 모델 구축 및 운영경험 - 강화학습(Actor..."
241ae1e7499c461c,Security Engineer (모의해킹/취약점 점검),Toss 서울 강남구,,"킹대회 우승 경력이 있는 분 - 다양한 플랫폼 보안 진단 경험이 있는 분 - Python, C, C++, C#, JAVA 중 프로그래밍 언어에 능숙 하신 분 # 현업 인터뷰 - 결제 산업의 미래, 토스가 새롭게 만들어 갑니다"
f361dc031c092580,[웹젠] 서버(경력),웹젠 성남 분당구,,"분 - 중급 이상의 C# (또는 C++, JAVA ) 프로그래밍 능력 (ASP.NET 환경에서 개발) 보유한 분 ( JAVA 개발의 경우 Spring... 중급 이상의 C# (또는 C++, JAVA ) 프로그래밍 능력 (ASP..."
e0c89af974686057,증권사 자바 개발자 (SI/JAVA/4개월/마포구),디와이즈 서울 마포구,,"졸업(2,3년) 성별 무관 기타 담당업무 증권사 자바 개발자 모집 (SI/ JAVA/4개월/마포구) 자유 양식 지원 개인이 현재 보유중인 이력서 자유... 산업 직무별(직종) 응용프로그래머 Java 산업별(업종) SI.SM.ERP..."
18076a0078393ca6,업무지원시스템 개발자 모집,카카오 4.0 성남 판교역,,"지원자격 Java 스프링 프레임웍 기반의 웹 애플리케이션 개발 역량을 보유하신 분(필수, '인증이 필요한 게시판'과 같은 서비스를 Java 스프링을... 능하시면 바로 지원하시면 됩니다.) Java 스프링의 동작 방식을 이해하고..."
4928e1c45953d0b1,"글로벌수준의 영상제작, 편집이 가능한 인재 하고있습니다.",ICON 서울 강남구,,"효율적인 MySQL 및 PHP, Java(android), Object... Linux HP, AIX 등 환경에서 개발 경험 2년이상 - 언어 : Java, JSP, J2EE 기반 서버 설계 및 개발 경험 3년 이상 - DB..."
eb95e8a29a9abbc7,[아트피큐][제주] JAVA 신입/경력 웹개발자,아트피큐 제주 영평동,,"W 개발 기 개발된 사이트/소프트웨어 유지보수 - 요구 기술 Java 스프링프레임워크, 전자정부 프레임워크 Tibero, Oracle... 경력조건 관계없음 학력 학력무관 키워드 [ java ] [웹개발 ] [개발자..."
bd71e33adadfe4ac,HE Cryptographer,Intel 4.1 서울,,skills for developing software prototypes with Python C C Java or other languages... Mathematica or Matlab Preferred...
a5d78bea5463e38e,제품/솔루션 개발직 신입/경력,이젠고 서울 노원구,,"당사 솔루션 기반) 업무용 UI 개발 및 서비스 개발 (신입) - java, jsp, javascript 개발자 나. (당사 솔루션 기반) 테스트자동... 통신·모바일·게임>응용프로그래머> JAVA|인터넷·IT·통신·모바일·게임..."
1d89fe4b37ab05ed,"데이터마이닝, 빅데이터 큐레이터 외 신입/경력 정규직",에임즈인터내셔널코리아 서울 강남구,,"Python 혹은 R 등의 프로그래밍 능력 -SQL의 사용 능력 -데이터를 다루기 위한 Python, R, Java 중 1개의 프로그래밍 능력 -대용량 데이터 ETL(extract transform load)를 위한 기술적..."
8c6f24aa25729ce4,[LSK Global PS] STAT부서 Statistical Progr...,엘에스케이글로벌파마서비스 서울 중구,,"컴퓨터 언어 능숙자 (VB, C#, JAVA등) - Computer... 숙자 (SAS/R/SPSS 등) - 컴퓨터 언어 능숙자 (VB, C#, JAVA등) - Computer Programming 경험자 - SAS를 이용..."
fce04ed9777c8bed,애플리케이션 보안,NHN 4.4 성남 판교역,,"진단 경험 - 금융 서비스 보안 진단 경험자 - 서버... DBMS 보안 취약점 점검 경험 - java 프레임워크, python 개발 경험 공통지원자격 - 병역필 혹은 면제로 해외여행에 결격 사유가 없는 자..."
4d809ca6bf2bf412,[외국계 전자기업/나스닥] Software Application Engineer,써치포리더스 경기도 성남,,"customer issues. -SW development: knowledgeable in C/C ++, Java, Phyton and other programming languages for embedded system..."
b7a491282162f54f,[]2021년 상반기 웹기반 개발자,투인 서울 강서구,,"연락처, 희망연봉 기재 직무/산업 직무별(직종) 콘텐츠.사이트운영디버깅 웹프로그래머웹프로그래머, ASP, JSP, JAVA, Servlet, CORBA, PHP, CGI, XML 산업별(업종) 컴퓨터.하드웨어.주변기기 컴퓨터"
dc2a18754ec64806,국내카드사 여신플랫폼 개발/운영,제이엔커리어 서울 서초구,,"스템(CSS)업무 개발 경험자 3) JAVA, Oracle 개발 경험자 4... 실이 있을 경우 채용이 취소될 수 있습니다. 인터넷·IT·통신·모바일·게임>웹프로그래머> JAVA|인터넷·IT·통신·모바일·게임>응용프로그래머> JAVA"
71cc948fba5a5100,주)BGF네트웍스 경력사원 공개,비지에프네트웍스 서울 광진구,,"전문학사 이상 · 경력 3년 ~ 5년 · DBA운영/관리 경험자 · 전문학사 이상 · 경력 5년 이상 · JAVA프로그래밍 개발가능자 · 시스템 설치 및 운영 가능자 · 다양한 DB경험자 (Oracle, My SQL등..."
3190803dba63c314,동영상 데이터/비즈 플랫폼 서버 개발자 모집,카카오 4.0 성남 판교역,,"동영상 비즈 플랫폼 개발 동영상 광고 서버 개발 동영상 데이터 수집/분석 지원자격 기본 조건 Java 개발 경력 2년 이상 Spring Framework 기반 웹 애플리케이션 개발 경험 MySQL, MongoDB 등의..."
b03599413eff0e3d,웹 개발 및 서버 인프라 담당자,이든 서울 송파구,,"및 서비스 아키텍처 설계 운영 ㆍ네트워크 및 시스템 모니터링 자격요건 ㆍ Java, Python, GoLang, PHP 중 하나이상의 언어 경험자 ㆍ서... 그래머웹프로그래머, ASP, JSP, JAVA, Servlet, CORBA..."
82d3ee89cf6b7fb3,[Biz] 광고 공통플랫폼 Data Engineer/DMP Enginee...,네이버 서울,,"모델링 - HTTP API 서버 설계/개발 [자격요건] * 하기 요건 중 2개 이상 해당 - Kotlin, Java, Scala, Python 중 1개 이상의 언어를 활용한 소프트웨어 개발 역량 - SpringBoot 기반..."
d13fce11058e6cf1,보안 모니터링 시스템 개발 및 운영 담당자 모집,카카오 4.0 성남 판교역,,"및 운영 보안 데이터 분석을 위한 SIEM/ETL 플랫폼 개발/운영 지원자격 기본사항 경력 5년 이상 Java, Python 등의 언어로 개발 가능자 기본적인 웹 개발 및 Back-End 개발 가능자 DBMS 혹은..."
1153824b4cb9f3a8,사내 계정 플랫폼 개발 및 운영 담당자 모집,카카오 4.0 성남 판교역,,"LDAP 구축 및 개발 업무 요청, 변경, 처리 등 워크플로우 자동화 지원자격 개발 경력 만 5년 미만 Java 기반 웹 어플리케이션 개발 역량을 보유하신 분 (신입 또는 경력) 원활한 커뮤니케이션 능력 보유자 사내..."
e6102d86e7db5589,"디딤돌 네트워크 웹디자이너, JAVA 개발자",디딤돌 네트워크 대구 달서구,,"[웹프로그래밍] - jsp, java, ASP / PHP 개발 능숙자... 동종업계 경력자 우대 - IT 활용 능력자 우대 인터넷·IT·통신·모바일·게임>웹프로그래머> JAVA|인터넷·IT·통신·모바일·게임>웹디자인>웹디자인"
a93537d8bc912641,JAVA / JSP / Spring 개발자 [경력],웨이브엠 경기도 의왕 +1 지역,,통신·모바일·게임>웹프로그래머> JAVA|인터넷·IT·통신·모바일·게임>웹프로그래머>AJAX|인터넷·IT·통신·모바일·게임>웹프로그래머>JSP|인터넷·IT·통신·모바일·게임>응용프로그래머> JAVA|인터넷·IT·통신·모바일·게임...
33c8275cb3504d12,BigDate 플래폼 S/W 엔지니어(Infra),에스케이플래닛 성남 분당구,,인터넷·IT·통신·모바일·게임>빅데이터·AI(인공지능)>빅데이터|인터넷·IT·통신·모바일·게임>응용프로그래머> JAVA|인터넷·IT·통신·모바일·게임>응용프로그래머>Python
d5ae02f12d6d623d,JSP 프로그램 엔지니어,안티고네 서울 금천구,,"산업 직무별(직종) 응용프로그래머VisualC, VisualC++, VisualBasic, C, C++, MFC, PowerBuilder, Java, .NET, Tuxedo 산업별(업종) 컴퓨터.하드웨어.주변기기 장비구축"
85e031653a2db481,웹 개발자 (신입),윕스 서울 마포구,,"및 운영 - 신규 사업 시스템 개발 및 운영 *개발 환경 - JAVA, jsp, JQuery, PostgresSql 자격요건 - 학력... 웹 개발에 관심이 많은자 2) JAVA/jsp 개발 경험자 우대조건..."
f565607a390f8b13,[헥스콘] 2021년 상반기 백엔드 서버 개발자,헥스콘 창원 의창구,,"Pair Programming / XP 등) 경험 제공 [ 자사 웹/앱개발 기술스택] 1) 사용언어 : Java, Kotlin, C++, HTML, CSS, Swift, Object-C, Python, Php, Node.js..."
6657a8e43d723209,AI 분석플랫폼 Java 개발자,제이앤제이글로벌컨설팅 성남 분당구,,솔루션 전문 기업입니다 AI 분석플랫폼 Java 개발자 자격요건 - JAVA 개발 경력 5년 이상 - AngularJS 1.5 코드 분석 가능자(AngularJS->jsp 프론트엔드 refactory 업무 수행) - Java...
f66c36064863fcae,물류/보안 부문 경력사원 [보안컨설팅],삼성SDS 3.8 서울 송파구,,"중 2개이상 보유 ㆍC, C++, Java, Python 프로그래밍 ㆍ... 응용프로그래머> JAVA|인터넷·IT·통신·모바일·게임>응용프로그래머>Python|인터넷·IT·통신·모바일·게임>웹프로그래머> JAVA|인터넷·IT·통신..."
5e7dc1196f13b938,"NAVER, LINE 서비스 플랫폼 운영",NIT Service 성남 삼평동,,"java, c언어 등) 초급 [우대사항] - Docker(kubernetes) 관련 지식 보유 및 활용 경험 - Linux System, WEB/WAS, DB운영 경험 - 프로그래밍 언어(python, java, c..."
7639fede84396f4a,"하드웨어, 소프트웨어 외 신입/경력 정규직",유닉트 경기도 양주,,"SW,HW 개발자] SW 개발자 : 어플리케이션 개발 (Android, Java, IOS swift) - android studio / visual... 통신·모바일·게임>응용프로그래머> JAVA|인터넷·IT·통신·모바일·게임..."
736eb193e417cee2,비즈개발실 서버 개발자 모집,카카오 4.0 성남 판교역,,보고서를 제공하는 플랫폼을 개발합니다. (지원자격) 경력 2년이상 Java 기반 서버 개발 경험 Linux 플랫폼에서 웹 서비스 개발/운영 경험... 지를 개발합니다. (지원자격) Java 기반 웹 서비스 개발 경력 3년...
a7ad2455872da832,[카카오스토리] 개발자 모집 (서버),카카오 4.0 성남 판교역,,면서 함께 성장해 나가고 있습니다. 업무내용 카카오스토리 서버 개발 및 운영 지원자격 Java 서버 개발 경력 3년 이상 Java Spring framework를 이용한 서버 개발 경험 객체지향 설계 및 구현 가능...
9d38396dd271cf7a,[신규프로젝트] K-POP 엔터테인먼트 플랫폼 클라이언트 프로그래머 모집,엔씨소프트 2.7 성남 판교역,,있으신 분 [Android 개발] - Android Application Framework에 대한 이해도가 있는 분 - Java/Kotlin 사용 가능한 분 우대사항 - Unity 엔진 플러그인 제작 유경험자 - iOS...
4ec305f59ce64060,게임이상탐지 분석/개발,Nexon 성남 분당구,,"선택) DB 활용 및 대시보드 개발 능력 솔루션 개발자 - 한 가지 이상의 개발 언어(Python, Java, Scala)에 숙련된 프로그래밍 능력 - Linux 환경에서의 개발 능력 - 빅데이터 분석 플랫폼 기반의..."
d665295e2f8205fc,(대행서비스진행)스마트공장 웹개발 (Java JSP/XML) 경력사원,비즈플러스글로벌 대한민국 +1 지역,,"지원자격 경력 신입·경력 학력 - 성별 무관 기타 담당업무 스마트공장 웹개발 ( Java JSP/XML) * 채용대행서비스 진행중이며 워크넷에서 ""주식회사 비즈... 그래머웹프로그래머, ASP, JSP, JAVA, Servlet, CORBA..."
5dff558bea05fb35,클라우드 아키텍트,Nexon 성남 분당구,,"Cloud 기반 상용 솔루션/서비스 Workload 최적화 및 Architecture 개선 경험 - Java, C/C++ 등 프로그래밍 역량 및 상용 솔루션/서비스 프로그램 개발 경험 우대사항 - 학력/전공: 학사 이상..."
3c281c47996e7b20,2021년도 BNK시스템 경력직원,BNK시스템 부산 강서구,,"년 이상 • 요소 기술 (JSP, JAVA, C/C++, C#, PRO-C... 험자 • JAVA daemon 경험자 4. Android 개발 (경력직, 정규직) ○명 [필수사항] • 관련 경력 5년 이상 • 요소 기술 ( JAVA..."
1298409cb75c4082,"개발(C#,ASP,JAVA)자 신입사원",엠씨씨 인천 연수구,,있습니다. 인터넷·IT·통신·모바일·게임>응용프로그래머>C#|인터넷·IT·통신·모바일·게임>응용프로그래머>ASP.NET|인터넷·IT·통신·모바일·게임>웹프로그래머> JAVA|인터넷·IT·통신·모바일·게임>웹프로그래머>.NET
8b1bf98bc88bf254,[신규프로젝트] 모바일 퍼즐 서버 프로그래머 모집,엔씨소프트 2.7 성남 판교역,,"기간 : 9년 ~ 필수조건 Java Programming Multithread Programming Network Programming Spring, MongoDB, Redis ELK 우대사항 Java기반 웹서버 개발 경험..."
8b48e3177a2f2056,"[다음메일/카카오메일] 서버, FE 개발자 모집",카카오 4.0 성남 판교역,,구현 및 개선 다중 트랜젝션 제어 설계 및 구성 고효율 아키텍처 설계 및 반영 지원자격 ✔︎ Java 기반 서버 개발 Java & Spring Framework 기반 웹서비스 개발 경력 (5년 이하) Linux 플랫폼에...
914be9e08195b02e,2021년 상반기 네트워크 엔지니어,엔티에스 수원 장안구,,터넷·IT·통신·모바일·게임>네트워크·서버·보안>ISP·IDC운영|인터넷·IT·통신·모바일·게임>응용프로그래머> JAVA|인터넷·IT·통신·모바일·게임>네트워크·서버·보안>LAN·WAN 구축|인터넷·IT·통신·모바일·게임>네트...
eee7a316721c97f2,"[스타트업]웹개발, 백엔드 신입/경력 정규직",슬레이트미디어 인천 중구,,"경력 정규직 채용 모집부문 및 자격요건 담당업무 자격요건 인원 [담당업무] - 반응형 웹 백엔드 개발 + JAVA언어에 익숙하고 Sping Boot, JPA에 대한 경험이 있으신 분 + 팀과의 협업 능력을 갖춘 분 [근무부서..."
345cf36657d6074d,JAVA 철강회사 운영업무 정규직-포항,연우정보기술 포항 남구,,"기업 철강회사 운영업무 JAVA 경력자 초급~중급 1명 정규직채용(건) 즉시~1년 [자격요건] 경력사항: 경력(3년 이상 6년 이하) 학력사항: 대학(2,3년)졸업 이상 기타: [웹프로그래밍] JAVA (MES ) 경력개발자..."
3fabe31f6fcb611a,JAVA 개발자,더유니파이 서울 금천구,,(주)더유니파이 JAVA 개발자 채용 모집부문 및 자격요건 담당업무 자격요건 인원 [담당업무] JAVA & Web 개발 [자격요건] * 경력사항... 통신·모바일·게임>웹프로그래머> JAVA|인터넷·IT·통신·모바일·게임>웹프...
115c46e0d1df11d8,[개발자] 모비데이즈 프론트엔드 개발자 경력직 채용,Mobidays 서울특별시,,"MVC 등의 패턴에 대한 경험이 있으신 분 -활용 가능한 서버사이드 언어가 1개 이상 있는 분(Ruby, Java, Node.js, Python 등) -웹/모바일 광고 업계의 유사 업종 근무 경력 보유자 -플랫폼 또는 B2B..."
67b4b45ba3a82fd6,인공지능 대표기업 솔트룩스 각 부문 신입 및 경력사원,솔트룩스 서울 강남구,,"신휴가, 프로젝트 휴가 지원 * 동호회 지원 모집구분 ※ SC사업본부 JAVA 웹 개발자(과/차장), 0명 [담당업무 및 자격요건] * 경력 7년이... 및 개발 분야 [우대사항] * JAVA 사용 경험자 * 영어 능통자 우대..."
13ead4619b06cd88,[한화테크윈]SW 개발 경력 채용,한화그룹 4.2 서울,,세부 업무 - Android HAL Layer 커스터마이징 및 특수 목적의 NDK 개발 - Android Java 및 Native C이용 Network BE App 개발 - Android WebServer 및 RTSP...
78353e688ba8a77c,소프트웨어 개발자 신입/경력,핸디소프트 안양 동안구,,신입/경력 채용 인터넷·IT·통신·모바일·게임>웹프로그래머>백엔드|인터넷·IT·통신·모바일·게임>웹프로그래머> JAVA|인터넷·IT·통신·모바일·게임>ERP·시스템분석·설계>AWS|인터넷·IT·통신·모바일·게임>응용프로그래머>클라우드
28d05040c5d182c1,"스마트폰 어플리케이션(App), 웹개발 경력 정규직",에임즈인터내셔널코리아 성남 분당구,,"근무부서 및 직급/직책] 직급/직책: 대리, 과장, 팀원 [자격요건] -유관업무 경력 3년이상 대리/과장급 - Java/Oracle 기반 웹프로그램 설계 및 개발 가능자 -금융업무에 관심이 높고, 의사 소통이 원활한 분 [우대..."
da8b245c2ddb56b5,[화상면접 / 디지털마케팅] (주)이인벤션 개발자,이인벤션 서울 구로구,,"숙자 [웹프로그래밍] - jsp, java, ASP / PHP 개발 능숙자... 게임>웹프로그래머>PHP |인터넷·IT·통신·모바일·게임>웹프로그래머> JAVA|인터넷·IT·통신·모바일·게임>웹프로그래머>XML|인터넷·IT·통신..."
16af988cd8210617,인사시스템 개발자 모집,카카오 4.0 성남 판교역,,편의를 위한 시스템 개발 및 운영 향후 인사에 대한 인사이트를 제공할 시스템 설계 및 개발 지원자격 Java 및 Spring Framework에 대한 이해와 웹어플리케이션 개발 경험 (필수) OOP 기반 설계 및 구현...
763033ac875a1700,(주)엔티엘헬스케어 SW개발팀 Frontend개발자 (신입/경력사원),내쇼날테스팅랩 아시아 성남 수정구,,JAVASCRIPT / Java Spring / Framework... 게임>웹프로그래머>JSP|인터넷·IT·통신·모바일·게임>응용프로그래머> JAVA|인터넷·IT·통신·모바일·게임>웹프로그래머>PHP |인터넷·IT·통신...
1b1b0d784163d8ab,"[스마트컨버전스]병역특례 전문연구요원 R&D,IT개발자 신입",스마트컨버전스 서울 중구,,"Search the web for ""초급"" Searching... 인터넷·IT·통신·모바일·게임>웹프로그래머>JSP|인터넷·IT·통신·모바일·게임>웹프로그래머>프론트엔드|인터넷·IT·통신·모바일·게임>응용프로그래머> JAVA"
3513249c797faf52,책임범위 실행하는 JAVA 시니어 개발자,브레스커뮤니케이션즈 경기도 남양주,,"[직무내용] JAVA SPRING 프레임워크 이커머스 경력자 전자정부프레임워크 개발경력자 스프링프레임워크 개발경력자 erp, B2B, Scm 개발경력자 [정보기술>정보기술개발>응용SW엔지니어링] 프로그래밍 언어 활용 기본문법..."
977c34e096023e2a,개발열정 가득한 C# / JAVA 개발자,피어라인 군포 산본동,,"멀티미디어 SW (팟플레이어, 곰인코더 등) 개발 역량 확보 가능 * 개발 환경 Flexible * C# 또는 JAVA 언어 필수 * DBMS(MySQL 또는 Oracle) 경험 및 이해도 * C++ 언어 우대 * WEB..."
f7413100cdf5888f,[NHN TicketLink] 티켓링크 Java 개발자 경력,엔에이치엔티켓링크 성남 분당구,,연동 등 * 경력 4년 이상 * Java/Spring Framework... 인터넷·IT·통신·모바일·게임>웹프로그래머> JAVA|인터넷·IT·통신·모바일·게임>응용프로그래머> JAVA|인터넷·IT·통신·모바일·게임>응용프로그래머...
3bafdba72ed14ee9,"다음 첫화면,뉴스,스포츠,연예,1boon 유저웹서비스 개발자 모집",카카오 4.0 성남 판교역,,비스 개발 1boon 서비스 개발 유저웹서비스 통합 플랫폼 구축 지원자격 기본 자격 개발 경력 2년 이상 Java 또는 Javascript 개발 역량 필수 MySQL 또는 유사한 관계형 데이터베이스 경험자 docker...
f6c6ea351bb0f996,"AI개발자, JAVA개발자, ERP컨설턴트 정규직",시너지시스템즈 서울 서초구,,"개발자, JAVA개발자, ERP컨설턴트 정규직 채용 모집부문 및 자격요건 모집부문 담당업무 자격요건 인원 1.AI개발자 2.ERP- JAVA개발자 3... 석/박사우대 [ERP JAVA개발 - 자격요건] 기술자격 : JAVA..."
d7d14d531a072930,BigDate 플래폼 S/W 엔지니어(Ingestion),에스케이플래닛 성남 분당구,,인터넷·IT·통신·모바일·게임>응용프로그래머> JAVA|인터넷·IT·통신·모바일·게임>응용프로그래머>Python|인터넷·IT·통신·모바일·게임>응용프로그래머>Linux|인터넷·IT·통신·모바일·게임>응용프로그래머>Unix
d0c8da8c7438c557,"JAVA, JSP 웹 개발자(프로그래머) 경력(5년이상↑) 정규직",나눔아이씨티 수원 영통구,,"지원자격 경력 신입·경력 학력 - 성별 무관 기타 담당업무 [직무소개] - JAVA/JSP개발 - 웹 개발자(프로그래머) - 경영정보시스템(MIS) [필요역량] - 5년이상 개발 업무 경험 - 서버,데이터베이스의 이해도..."
5e9359c4c2811720,[전액국비지원] 데이터 기반 홈IOT 서비스 개발 실무자 양성 및 취업연...,한국스마트홈산업협회 서울 금천구,,"5번 출구) 기타 유의사항 프로그래밍( Java, Wen, Python 등... 응용프로그래머> JAVA|인터넷·IT·통신·모바일·게임>응용프로그래머>Python|인터넷·IT·통신·모바일·게임>웹프로그래머> JAVA|인터넷·IT·통신..."
55d0a56acc89b674,"JAVA (고급,특급,약2년,양재부근, 제조업무 우대)",데이터윙스 서울 서초구,,부근 (신분당선) - 스킬: JAVA (제조업무 경력자 우대) - 등급... 실이 있을 경우 채용이 취소될 수 있습니다. 인터넷·IT·통신·모바일·게임>웹프로그래머> JAVA|인터넷·IT·통신·모바일·게임>응용프로그래머> JAVA
0cb282654f70db73,정산 및 재무서비스 개발자,Nexon 성남 분당구,,"출정산 및 사옥정산 시스템 개발 및 운영 - 재무관련 시스템 신규 구축 및 기존 프로젝트 유지보수 지원자격 - Java, .NET 중 하나 이상의 언어로 웹 어플리케이션 개발이 가능하신 분 - Oracle, MS-SQL..."
7538ee39e962defd,2021년 정규직 개발자,팅스나인 서울 종로구,,있습니다. 인터넷·IT·통신·모바일·게임>웹프로그래머>웹개발|인터넷·IT·통신·모바일·게임>웹프로그래머> JAVA|인터넷·IT·통신·모바일·게임>응용프로그래머>Android|인터넷·IT·통신·모바일·게임>응용프로그래머>iOS...
b1aa8525a25313d3,(주) 유니메오 함께할 (웹) 백엔드 [경력 ] 개발 인재 찾습니다.,유니메오 서울 서초구,,"[직무내용] [담당업무] - Java,Spring기반 서버개발 -개발팀 일정 및 업무관리 [자격요건] - Java,Spring기반 서버Application 개발 및 운영경험 -서버와 클라이언트 간 RESTful 기반의 개발 경험..."
5ce3dc5dd3f09dd7,"(신입,경력)JAVA/JSP/전자정부 개발자",리버스아이티 서울 영등포구,,"(주)리버스아이티(신입,경력) JAVA/JSP/전자정부 개발자 모집 모집부문 및 자격요건 담당업무 자격요건 인원 [담당업무] 1. 통합회원관리솔루션 웹기반 개발 2. 자격요건 (필수) - JAVA, JSP , SPRING..."
46975ee759c13b8a,데이터 분석/처리 플랫폼 개발,NHN 4.4 성남 판교역,,"스템을 통한 데이터 수집, 처리 및 지표 분석 경험 - 데이터 기반의 문제해결 역량 및 논리적 사고 - Java, Python, Scala 중 최소 1가지 언어를 이용한 데이터 분석 및 소프트웨어 개발 역량..."
853347a2d26d4d03,RNA Systems 웹개발자 인턴,RNAGroup 서울 종로구,,"있는 자 - 인턴십 참여에 지장이 없는 자 - HTML, JAVA, Angular 등 웹프로그래밍 경험이 있는 자 우대사항 - 자료구조 / 알고리즘 / Java 등 프로그래밍 언어 이수 - 오픈소스 소프트웨어 교내..."
643ef4db65461d01,"[(주)데이터누리] Java 개발자 신입, 경력",데이터누리 서울 강서구,,"[우대조건] - 신입 Java 개발(App 및 Web App) 가능 Web Front 개발(Javascript, Node.js, Jquery) 가능 - 경력 데이터 이행(ETL/EAI/ESB) 업무 가능자 Java 개발(App 및..."
379fcbc7c12e1d72,핀테크서비스 개발자.,제이엔커리어 서울 중구,,"공학 계열 학사이상 졸업자 - C, JAVA 가능자(핵심역량) - 경력 3... 실이 있을 경우 채용이 취소될 수 있습니다. 인터넷·IT·통신·모바일·게임>웹프로그래머> JAVA|인터넷·IT·통신·모바일·게임>응용프로그래머> JAVA"
681af0fd653ac830,[유명 신용카드사] DW 개발 및 운영 (과장급),제이앤피에이치알컨설팅 서울,,"Ecosystem의 이해 필요 - JAVA, Python 개발 경험자... 그래머>인공지능(AI)|인터넷·IT·통신·모바일·게임>응용프로그래머> JAVA|인터넷·IT·통신·모바일·게임>데이터베이스·DBA>DW|인터넷·IT·통신..."
ae1b9a320e54bc5e,"C·C++, JAVA 외 경력 정규직",데이빅스 서울 구로구,,JAVA|인터넷·IT·통신·모바일·게임>응용프로그래머>Pro-C|인터넷·IT·통신·모바일·게임>응용프로그래머>Linux|인터넷·IT·통신·모바일·게임>응용프로그래머>API|인터넷·IT·통신·모바일·게임>웹프로그래머> JAVA...
5f822035e9ddc59a,JAVA 웹 프로그램 개발자,비전브이아이텍 서울,,"[웹프로그래밍] - jsp, java, ASP / PHP 개발 능숙자... 게임>웹프로그래머>JSP|인터넷·IT·통신·모바일·게임>웹프로그래머> JAVA|인터넷·IT·통신·모바일·게임>웹프로그래머>.NET|인터넷·IT·통신..."
be95b5718905880f,AI/빅데이터/클라우드 분야 (인재 Pool),LG유플러스 3.8 서울,,"등) 능숙자 . Deep Learning Model 구현 경험자 . Java, Python등을 이용하여 분석을 위한 Data Manipulation... 활용하여 서비스 개발 경험자 2) Java,Python 등 프로그래밍 개발..."
01455f89ee27ebe4,2021년 (주)퍼브 개발 신입/경력,퍼브 서울 강서구,,인터넷·IT·통신·모바일·게임>웹프로그래머>웹개발|인터넷·IT·통신·모바일·게임>응용프로그래머> JAVA
e7c8c2b11f24fb43,Software Engineer,Google 4.3 서울,,"programming languages, including... limited to: C++, Java, C and Python. Excellent written and verbal communication..."
3648b34c0ad44f26,"[펜타시큐리티] 보안S/W 개발 및 기획자 (웹, 인증, 블록체인)",펜타시큐리티시스템 서울 영등포구,,모바일·게임>웹프로그래머> JAVA|인터넷·IT·통신·모바일·게임>웹프로그래머>Python|인터넷·IT·통신·모바일·게임>응용프로그래머>C·C++|인터넷·IT·통신·모바일·게임>응용프로그래머> JAVA|인터넷·IT·통신·모바일...
5a040eb669eb48aa,[휴먼컨설팅그룹] e-HR 시스템 구축 (Java기반) 경력직,휴먼컨설팅그룹 성남 분당구,,"그룹] e-HR 시스템 구축 ( Java기반) 경력직 ㈜휴먼컨설팅그룹(HCG... 자격요건 담당업무 자격요건 인원 [담당업무] ㆍe-HR 시스템 구축 : Java기반 웹 개발 ㆍPL, PM : e-HR 솔루션 프로젝트 사업관리 및..."
ec1c0a8aded59402,[2021] JAVA 개발 인력 (신입/경력),매트릭스투비 서울 구로구,,"무관 기타 담당업무 [2021] JAVA 개발 인력 채용 공고(신입/경력... 커리어 온라인 이력서 직무/산업 직무별(직종) 웹프로그래머웹프로그래머, JAVA 응용프로그래머Application 산업별(업종) 솔루션.ASP.소프트..."
d4c52ba1a491a8b9,현대무벡스 경력사원 상시,현대무벡스 서울 종로구,,특허|인터넷·IT·통신·모바일·게임>웹기획·웹마케팅·PM>웹기획|인터넷·IT·통신·모바일·게임>웹프로그래머> JAVA|인터넷·IT·통신·모바일·게임>웹프로그래머>Python|인터넷·IT·통신·모바일·게임>네트워크·서버·보안...
206550813b58865d,[개발자] 꿈 찾아드립니다. 저희와 함께하세요,ICON 서울 강남구,,안드로이드 개발 경력 2년 이상 - Java 혹은 kotlin 개발에 능숙... 용프로그래머>플래시APP|인터넷·IT·통신·모바일·게임>웹프로그래머> JAVA|인터넷·IT·통신·모바일·게임>웹프로그래머>Python|인터넷·IT·통신...
bde407a3d9124cc0,"[PHP, Java 외] 웹 개발자",비욘텍 인천 서구,,[직무내용] 담당업무 ㆍ[PHP JAVA] 웹 개발 지원자격 ㆍ경력 : 경력... 게임>웹프로그래머>JSP|인터넷·IT·통신·모바일·게임>응용프로그래머> JAVA|인터넷·IT·통신·모바일·게임>웹프로그래머>PHP |인터넷·IT·통신...
55a19c92c845685e,Developer / Designer recruit,마이뮤직테이스트 서울 논현동,,"i.e Python, Ruby, Java, .Net etc... testing - Test environment management - JAVA or Python - Intermediate knowledge..."
b183b99c3ff19b47,[KSTEC] 통계/Analytics 경력사원,지식시스템 성남 분당구,,"SAS, R, Python, Java 기반) 2. 기업용 데이터과학... 1. SPSS, SAS, R, Python, Java 등 데이터분석/AI개발 도구 사용 가능자 2. Java Programming 가능자 3. DB..."
e5808697206c47a3,2021 상반기 JAVA 웹 개발자,데이터로직스 서울 강남구,,인원 JAVA 웹 개발자 [자격요건] -학력 : 초대졸이상 (졸업예정자 가능) -경력 : 신입/경력 [우대조건] - 즉시 출근 가능자 - JAVA 활용... 그래머> JAVA|인터넷·IT·통신·모바일·게임>응용프로그래머> JAVA|인터...
953317384902658f,"웹개발자 (JAVA,JSP) 경력자",해내시스 서울 구로구,,"지원자격 경력 신입·경력 학력 - 성별 무관 기타 담당업무 웹 개발 ( JAVA,JSP) 스마트공장 관련 MES개발 고객사에 맞는 커스터마이징 [정보기술>정보기술개발>DB엔지니어링] 데이터베이스 구현 DBMS(Data Base..."
926706c2a928240f,ITO/IDC 시스템 운영담당자 채용,한화그룹 4.2 서울,,"운영 - Spring 기반의 Java 웹시스템 - 사업관리, 영업관리... 점외 기관 연동 개발 및 운영 - 해외주식 연동 개발 및 운영 기타 Java 기반 웹 서비스 및 미니 원장(DMA주문) 경험자 우대 [자격요건..."
fe5e79a112b1e2cc,JAVA 기반 웹개발자 정규직,에이머쉬 서울 금천구,,Nexacro 경험자 우대 에이머쉬(주) JAVA 기반 웹개발자 정규직 채용 모집부문 및 자격요건 담당업무 자격요건 인원 [담당업무] 웹개발 프로젝트... 취소될 수 있습니다. 인터넷·IT·통신·모바일·게임>웹프로그래머> JAVA
f0763e95aeadd18a,공공업무 개발구축 경력직 (JAVA 개발자),이지트론 서울 강남구,,"바랍니다. 입사지원 서류에 허위사실이 발견될 경우, 채용확정 이후라도 채용이 취소될 수 있습니다. [기타 우대내용] 유관업무 경력자 (4년) WebSquare5 유경험자 인터넷·IT·통신·모바일·게임>응용프로그래머> JAVA"
efdea0aafe0813bd,[분당] 의료IT기업 프론트엔드 개발자(5년이상),시니어앤파트너즈 성남 분당구,,"■ 우대사항 - JAVA/HTML5/Node.js 개발 경험자... MSSQL, Procedure, JAVA, 웹프로그래머 (HTML5), CSS, Node.js 우대사항: - JAVA/HTML5/Node.js 개발..."
0064deb5fa9cbce0,데이터 사이언티스트 모집,카카오 4.0 성남 판교역,,"통해 알고리즘을 개선합니다. 지원자격 지원자격 하나 이상의 프로그래밍 언어에 익숙한 분(Python, Java, C/C++, Scala 등) 머신러닝/딥러닝 오픈소스를 이용하여 1년 이상 특정 서비스에 모델 개발/운영..."
6bfec9fa5d0c15f5,1분기 개발자 (신입/경력),이스트게임즈 서울 서초구,,"Objective C, Kotlin, Java, JavaScript... 통신·모바일·게임>응용프로그래머> JAVA|인터넷·IT·통신·모바일·게임>응용프로그래머>자바스크립트|인터넷·IT·통신·모바일·게임>웹프로그래머> JAVA"
146b013aa9f65d2b,"자바스크립트, 자바스크립트 외 신입/경력 정규직",북틀 서울 마포구,,"자격요건 - 학력 : 초대졸이상 - 경력 : 1년 이상 - Javascript, JQuery 가능자 - Vue,React 등 자바스크립트 프레임웍 경험자 우대조건 - 유관업무 경험자 - 웹 개발 업무 가능자 - 자격증..."
ee3bf27b86d278c8,(주)인젠트 Java 프로그램 및 웹 프로그램 개발자,인젠트 서울 영등포구,,"(주)인젠트 JAVA프로그램 개발자 채용 모집부문 및 자격요건 담당업무 자격... JAVA 프로그램 개발자 * 웹프로그램 개발자 [우대사항] * ECM 제품 관련 숙련자 우대 * JAVA, Java Script, 정보처리기사 자격증..."
649ccf047c868778,"금융 데이터 분석 엔진, 로보어드바이저 개발자",에스비씨엔 서울 영등포구,,"개발, 분산 시스템, 머신러닝, 자연어처리. 패턴분석 - 다음 언어에서 최소 한 가지 이상 능숙자: Java, C++, Python, JavaScript 우대사항 - 석사이상 컴퓨터공학 (Computer Science..."
58ca97c3c919f00e,(주)신세계아이앤씨 서버/네트워크/보안 부문 상시,신세계아이앤씨 서울 중구,,"클라우드 서비스 플랫폼 개발 [정규직, 3년 이상] 직무 클라우드 서비스 플랫폼 개발 인원 0명 공통사항 -. Java 운영 경력 5년 이상 보유자 -. 오픈소스 개발 경험자 (Rabbit MQ Broker, RESTful..."
490021ac3aba8cfa,"JAVA, C·C++ 신입 프로그래머 (SI/SM)",이포즌 서울 성동구,,"년)졸업 이상, 공학계열 직무기술: - JAVA, C++, EAI 등 언어... 응용프로그래머>C·C++|인터넷·IT·통신·모바일·게임>응용프로그래머> JAVA|인터넷·IT·통신·모바일·게임>데이터베이스·DBA>MySQL|인터넷..."
17b8d24c72e3aec4,채널5코리아 2021년 웹개발팀 경력사원,채널5코리아 서울 구로구,,"ASP, PHP 개발운영 - MS, MySQL 구축 운영 우대사항 - JAVA 개발 경험 - Wowza 기반 개발 경험 - 영상 플랫폼 개발 경험자... 통신·모바일·게임>응용프로그래머> JAVA|인터넷·IT·통신·모바일·게임..."
adcb9af8e0b3d915,JAVA 개발자(경력직),제나 (ZENA Inc.) 서울 성동구,,(주) 제나(ZENA Inc.) JAVA 개발자(경력직) 채용 공고 모집부문 및 자격요건 담당업무 자격요건 인원 [담당업무] JAVA / JSP 개발 [근무... 통신·모바일·게임>웹프로그래머> JAVA|인터넷·IT·통신·모바일·게임...
512e5c44f34a7841,"개발자, 디자이너 신입 정규직",이노다임 서울,,Android - JAVA JSP 2. 디자이너 - 웹디자인 - 시스템디자... 게임>웹프로그래머>JSP|인터넷·IT·통신·모바일·게임>웹프로그래머> JAVA|인터넷·IT·통신·모바일·게임>웹프로그래머>MiPlatform|인터넷...
e6e3a5effcabf894,TOAST CAM 개발자,NHN 4.4 성남 판교역,,서버 개발] Job Description 자격요건 우대사항 - Java 스프링 프레임워크 기반 서버 개발 - 분산/대용량 서비스 구축/운영 - Java 개발 경력 5년 이상 - 분산/대용량 처리 기술 보유자...
ee6d176505ffa343,전장 개발 엔지니어,가오콘 서울 강서구,,"하고 있습니다. 다만 경험이 없으시더라도 C/C++고급 능력을 바탕으로 Java,Python,Json에 익숙하신 분이라면 무리없이 적응하실 수 있으니... 임베디드 C / C++ 기반 , Java/Json/Python/Xml 개발..."
8f8b4127a3e117e6,"[핀테크] C#응용 소프트웨어/ 모바일 앱 (신입,경력) 개발자",만나아이티 서울 영등포구,,게임>응용프로그래머> JAVA|인터넷·IT·통신·모바일·게임>응용프로그래머>VB.NET|인터넷·IT·통신·모바일·게임>응용프로그래머>Visual Basic|인터넷·IT·통신·모바일·게임>웹프로그래머> JAVA|인터넷·IT·통신...
20e114d0924fed03,(주)엘솔루 웹 개발자,㈜엘솔루 서울,,5 개발 가능자(필수) 1명 인터넷·IT·통신·모바일·게임>웹프로그래머> JAVA|인터넷·IT·통신·모바일·게임>웹프로그래머>.NET|인터넷·IT·통신... 통신·모바일·게임>응용프로그래머> JAVA|인터넷·IT·통신·모바일·게임...
649d56ec17a41c20,[Expert] Cloud System Engineer - Kuberne...,에스케이텔레콤 성남 분당구,,3. 7 인터넷·IT·통신·모바일·게임>응용프로그래머> JAVA|인터넷·IT·통신·모바일·게임>응용프로그래머>C·C++|인터넷·IT·통신·모바일·게임>응용프로그래머>클라우드|인터넷·IT·통신·모바일·게임>웹프로그래머> JAVA
11f4e5048af50bfe,"JAVA, C언어, 암호화모듈 솔루션 개 개발자 신입 및 경력",이지서티 서울 구로구,,"(주)이지서티 JAVA, C언어, 암호화모듈 솔루션 개발자 신입 및 경력직 채용공고 모집부문 및 자격요건 담당업무 자격요건 인원 [담당업무] 제품개발, 솔루션 개발(C, JAVA) [근무부서 및 직급/직책] 근무부서: 제품개발..."
8b7782bb4ac157d4,"Java, JSP/eGovframe/웹개발 외 경력 정규직 개발자",엠브이소프텍 대전 서구,,"(주)엠브이소프텍 Java, JSP/eGovframe/웹개발 외 경력 정규직... 통신·모바일·게임>웹프로그래머>JSP|인터넷·IT·통신·모바일·게임>웹프로그래머> JAVA|인터넷·IT·통신·모바일·게임>웹프로그래머>.NET"
a38d00971a5a50e8,카카오톡 안드로이드 클라이언트 개발자 모집,카카오 4.0 성남 판교역,,"라이언트 안드로이드 버전 개발 지원자격 ✔ 안드로이드 클라이언트 개발 #필요 기술셋 및 지원 자격 Java, Kotlin 신입 및 경력연차 무관 #우대사항 최신개발 동향에 관심이 많은 분 목표지향적인 사고와 실행..."
4a77a9e0b52bc188,웹개발자 (신입 및 경력) / 보안솔루션 개발팀,유비엔티스랩 서울 구로구,,게임>웹프로그래머>JSP|인터넷·IT·통신·모바일·게임>응용프로그래머> JAVA|인터넷·IT·통신·모바일·게임>웹프로그래머>PHP |인터넷·IT·통신... 통신·모바일·게임>웹프로그래머> JAVA|인터넷·IT·통신·모바일·게임>웹프...
1f038de78a21b10b,Technical Customer Service Associate,Amazon Web Services Korea LLC 서울,,friends and family? Does the idea of launching a load balanced java application in Singapore from your laptop in Seattle make...
89974e68032c906c,JAVA 제철소업무 개발 및 MES3.0 확대개발-판교,연우정보기술 성남 분당구,,JAVA 개발 능숙자 - MES 및 제철소업무 개발경력자 - 판교 근무가능자 연우정보기술(주) JAVA 제철소업무 및 MES확대개발-판교 모집부문 및 자격요건 담당업무 자격요건 인원 [담당업무] [웹프로그래밍] JAVA 제철...
2120aee1f798ec41,"웹개발, 운영 신입/경력직",파인랩 서울 강남구,,"2년 이상) 학력사항: 대학졸업 이상 직무기술: 웹개발 [필수 조건] - JAVA, JSP - Oracle [우대 사항] 보험 및 금융 웹 관련 운영... 웹프로그래머>JSP|인터넷·IT·통신·모바일·게임>웹프로그래머> JAVA"
d3081baa25319242,2021년 상반기 (주)인사이트컨설팅 미국 입시 담당자(아카데믹 카운슬러...,인사이트컨설팅 서울 강남구,,"관련 프로젝트 경험자 - 사업기획서 작성 가능자 - 제안서 작성 능숙자 [응용 프로그래밍] - C, C++, JAVA, 임베디드 개발 유경험자 - .NET 프레임워크에 대한 기반 지식 보유자 - 네트워크 프로그래밍에 대한..."
473f19e484779599,국내카드사 DW개발,제이엔커리어 서울 서초구,,"Ecosystem의 이해 필요 - JAVA, Python 개발 경험자... 인터넷·IT·통신·모바일·게임>웹프로그래머> JAVA|인터넷·IT·통신·모바일·게임>응용프로그래머> JAVA|인터넷·IT·통신·모바일·게임>데이터베이스..."
d3ce86451b9469f9,KB저축은행 IT부문 경력직 (정규직) 수시,KB저축은행 서울 송파구,,관련학과 졸업자 또는 동등학력 이상 소지자 ㆍ성별 : 무관 ㆍ경력 : 금융기관 업무 개발 경력 2년 이상 JAVA 및 C언어 개발 가능한 자 [우대요건] ㆍ금융 및 IT관련 자격증 보유 / 대용량 데이터 처리 개발(오라클DB...
d1de3c6292d51a81,"JAVA, C·C++ 신입,경력 프로그래머 (SM)",이포즌 서울 성동구,,"UDP 및 OSI 7 Layer 등) 지식보유 - 프로그램 개발 경험( JAVA, C#, C++) - DBMS 사용경험(Oracle, MS-SQL 등... 통신·모바일·게임>응용프로그래머> JAVA|인터넷·IT·통신·모바일·게임..."
f8f5b678c5564e1e,"웹개발, JAVA 신입/경력 정규직",피디시스템 서울 금천구,,"피디시스템 웹개발, JAVA 신입/경력 정규직 채용 모집부문 및 자격요건 담당업무 자격요건 인원 [담당업무] 웹개발 / java 프로그래머 [근무부서... 웹프로그래머>웹개발|인터넷·IT·통신·모바일·게임>응용프로그래머> JAVA"
029f506075040a92,국내캐피탈사 IT개발(과장급).,제이엔커리어 서울 강남구,,"시스템 운영 및 개발 경험자 - JAVA, Spring구조 개발 경험자(3... 실이 있을 경우 채용이 취소될 수 있습니다. 인터넷·IT·통신·모바일·게임>웹프로그래머> JAVA|인터넷·IT·통신·모바일·게임>응용프로그래머> JAVA"
ac7cb0765d47478c,SK플래닛 각 부문별 경력사원,에스케이플래닛 성남 분당구,,Responsibilities 플랫폼 개발 및 운영 Requirement Java & Spring Framework 기반 서버 개발 경험 (3년 이상... 백엔드 서버 개발 5년 이상 Java 및 Spring Framework...
177314202292c97c,"JAVA, JSP 신입/경력 정규직",넥스트아이씨티 서울 구로구,,"(주)넥스트아이씨티 JAVA, JSP 신입/경력 정규직 채용 모집부문 및 자격요건 담당업무 자격요건 인원 [담당업무] JAVA/ JSP, 웹프로그래밍... 통신·모바일·게임>웹프로그래머> JAVA|인터넷·IT·통신·모바일·게임>웹프..."
37808d2628544b92,[TmaxGroup/R&D] R&D 개발 연구원 신입/경력 (병역특례포함...,티맥스소프트 성남 분당구,,"이상 / 기졸업자 또는 21년 8월 졸업 예정자 컴퓨터 및 전산관련 전공자, 전자공학 전공자 우대 C 또는 JAVA 프로그래밍 유경험자 ※ 전문연구요원 희망자는 석사 이상 학위 소지자만 가능 (현 전문연구요원 근무자..."
6405284789811205,ITKey 아이티키 JAVA 신입 개발자,아이티키 서울 금천구,,담당업무 ITKey (주)아이티키 JAVA 신입 개발자 채용 커리어 양식... 하기 지원양식 커리어 온라인 이력서 직무/산업 직무별(직종) 웹프로그래머 JAVA 응용프로그래머전산전공 산업별(업종) 솔루션.ASP.소프트웨어 소프트웨어개발
2c56cc62c7933521,인터넷/모바일 뱅킹 부문 계약직(전문직),한국씨티은행 4.2 서울 영등포구,,웹 개발 경험 - JAVA JQuery / Java / Oracle 사용... 응용프로그래머> JAVA|인터넷·IT·통신·모바일·게임>응용프로그래머>Linux|인터넷·IT·통신·모바일·게임>웹프로그래머> JAVA|인터넷·IT·통신...
144abbe0e251650c,[유안타증권]IT부문 신입/경력 직원,유안타증권 서울 중구 +1 지역,,"해당분야 대리/과장급 경력자(경력 3년 이상) · 파생상품 업무 이해 능력을 보유한 자 · Pro*c, java, jsp, PL/SQL 사용 능력을 보유한 자 · CFD(차액결제 시스템) 유경험자 우대 · IT관련 전공자 및..."
5702d33f9f06f8da,[(주) 모베이스] 모베이스와 함께할 성실한 자바(Java) 개발자,모베이스 서울 마포구,,"[응용 프로그래밍] - C, C++, JAVA, 임베디드 개발 유경험자 - .NET... 대한 이해도가 높은 분 - 제택근무 가능 - JAVA, JSP, Angularjs 개발 가능자 인터넷·IT·통신·모바일·게임>응용프로그래머> JAVA"
5f492fde9816d7d7,TV 사업부 분야별 경력사원,LG디스플레이 3.4 서울 여의도역,,"Binary 관리 필수 조건 : 경력 5년 이상 1) 안드로이드 스튜디오 관련 앱 개발 2) HTML, CSS, Java, C,C++ 언어 경험 . 담당 업무 1) OLED TV 보상 및 구동 알고리즘 개발 2) 잔상 보상..."
2743535f3f3e3eef,(주)엠앤와이즈 JAVA/웹 개발자 (신입/경력),엠앤와이즈 서울 구로구,,"- 정보처리(산업)기사 - JAVA/웹/Spring framework 유경험자... 호회 운영, 야간교통비지급, 연차, 여름휴가 등 인터넷·IT·통신·모바일·게임>웹프로그래머> JAVA|인터넷·IT·통신·모바일·게임>웹프로그래머>웹개발"
b5be4d1a74802227,구로디지털단지 중소기업 정규직 JAVA JSP 경력직원,커리어웍스 서울,,"[구디/정규직] JAVA/JSP 소프트웨어개발 ㈜당사는 국내자동차 완성차... 인원 수입차 브랜드 딜러에서 사용하는 웹기반 시스템 개발 및 유지보수 JAVA/JSP 언어 사용, SQL, spring framework/iBatis..."
01455f89ee27ebe4,2021년 (주)퍼브 개발 신입/경력,퍼브 서울 강서구,,인터넷·IT·통신·모바일·게임>웹프로그래머>웹개발|인터넷·IT·통신·모바일·게임>응용프로그래머> JAVA
a8de67022a7e45f2,자산·디지털 부문 경력사원 채용,삼성생명 4.1 서울 서초동,,"서비스 개발 및 프로세스 경험 4년↑ -Spring Framework기반 Java개발 실무 경험 4년↑ · Spring/Vue Framework Java script, Oracle 等 -Front Framework(Vue..."
ad0358cd42fe6602,자바(JAVA) 웹개발자,온더아이티 성남 분당구,,"JAVA) 웹개발자 채용 모집부문 및 자격요건 모집부문 담당업무 자격요건 인원 SW개발 sw엔지니어 웹개발 java [담당업무] 자바( JAVA)개발... 명 응용 프로그래밍 C, C++, JAVA, 임베디드 개발 유경험자 네트워..."
6dbd245e5e85d406,2021년 3월 Oracle/Java·JSP/Ajax/Java 신입,제스트씨엔에스 서울 구로구,,001 인터넷·IT·통신·모바일·게임>웹프로그래머> JAVA|인터넷·IT·통신·모바일·게임>웹프로그래머>JSP|인터넷·IT·통신·모바일·게임>응용프로그래머> JAVA|인터넷·IT·통신·모바일·게임>응용프로그래머>자바스크립트
3d0a69aa3dd3a46f,[경동원] 경영정보팀 품질시스템 신입/경력 사원,경동나비엔 서울 영등포구,,이상 / 전산 관련 전공 ■ MS-SQL 데이터베이스 개발 가능자 ■ JAVA 개발 경험자 ■ SAP ABAP 개발 가능자 우대 3. 접수기간 및... 통신·모바일·게임>응용프로그래머> JAVA|인터넷·IT·통신·모바일·게임...
39e99c8ed1d40a8f,2021 토스 전 계열사 대규모,비바리퍼블리카 서울 강남구,,DB|인터넷·IT·통신·모바일·게임>응용프로그래머>자바스크립트|인터넷·IT·통신·모바일·게임>응용프로그래머> JAVA|인터넷·IT·통신·모바일·게임>응용프로그래머>Linux|인터넷·IT·통신·모바일·게임>응용프로그래머...
a9f758cb4ad34f07,자바(JAVA) 개발자 경력직,어니컴 서울 용산구,,자바( JAVA) 개발자 경력직 모집 본 채용은 어니컴(주)의 자회사 어니소... 경력사항: 경력(5년 이상 10년 이하) • 학력사항: 학력무관 • Java 응용 프로그램 개발 능력 : 중급이상 • 테스트 자동화에 대한 이해...
4c8da43de9838021,[JAVA/JSP/SPRING] 웹프로그래머 경력 및 신입개발자,지엠에스테크 서울 금천구,,(주)지엠에스테크 [ JAVA/JSP/SPRING] 웹프로그래머 경력 및 신입개발자 채용 모집부문 및 자격요건 모집부문 담당업무 자격요건 인원 JAVA개발 웹 개발 (JSP JAVA) 자바 웹개발자 SPRING AJAX jQuery...
a2c1902fdcba6f31,(주)인에이블 소프트웨어 JAVA 개발자 신입,인에이블 서울 강서구,,[우대조건] - 관련 학과 졸업자 또는 자격증 소지자 우대 - 동종업계 및 해당 업무 경력자 우대 인터넷·IT·통신·모바일·게임>응용프로그래머> JAVA
366d215102e82eea,전산개발 부문 정규직 (경력),한국씨티은행 4.2 인천 남동구,,Web 및 Batch개발 경험 - Java/Oracle 사용 경험 자격요건... 인터넷·IT·통신·모바일·게임>응용프로그래머> JAVA|인터넷·IT·통신·모바일·게임>웹프로그래머> JAVA|인터넷·IT·통신·모바일·게임>데이터베이스...
29e80c7685907ed5,"프론트엔드, 백엔드, Java·JSP 신입,경력사원",틴텍씨앤씨 서울 강서구,,"end 개발자 ※필수 - Java, Springboot, Spring... 에 대한 기본지식 보유 [경력] Back-end 개발자 ※필수 - Java, Springboot, Spring-framework 이용 개발가능..."
d2e4741d91acf622,"2021년 상반기 JAVA 개발 경력자 JSP, SCJP 경력 정규직",티씨씨아이엔에스 서울 영등포구,,"자격요건 담당업무 자격요건 인원 JAVA Core Programing 개발자( java IO, Network, Thread) DBMS 연동 Spring 또는 Strut 기반의 JSP 개발 가능자 SQL 작성 및 사용 JAVA..."
7522c3ef2f629ddf,한국항만협회(항만정보국) 직원 상시,한국항만협회 서울 영등포구,,"자격증 보유자(서버, DB, 보안, JAVA, 네트워크 등) ○ CAD 및... 1년 이상) 이수자 정보통신 관련 자격증 보유자(서버, DB, 보안, JAVA, 네트워크 등) CAD 및 컴퓨터 활용 관련 자격증 보유자 ※ 우대사항..."
e07e15cad257e0a1,[삼성SDS] 물류/보안 부문 경력사원,삼성SDS 3.8 성남 분당구,,"의해킹 경험 ㆍ침해사고 조사 및 분석업무 ㆍ악성코드 분석업무 - 아래 기술 중 2개이상 보유 ㆍC, C++, Java, Python 프로그래밍 ㆍBurp Suite 등 모의해킹 툴 활용 ㆍIDA, EnCase 등 리버싱/포렌..."
957b9bde11462dce,"웹개발, JAVA 외 경력 정규직, 계약직",오에스씨코리아이카이카 서울 서초구,,(주)오에스씨코리아 Java 개발 & 설계 전문가 채용 모집부문 및 자격요건 담당업무 자격요건 인원 [담당업무] ▣ Java Front-end... 분 > 5년이상의 실무 경험 > Java Front-end or Back...
d4b51f9166e49925,2021년 상반기 Oracle/Java·JSP/Ajax/Java 신입,제스트씨엔에스 서울 구로구,,001 인터넷·IT·통신·모바일·게임>웹프로그래머> JAVA|인터넷·IT·통신·모바일·게임>웹프로그래머>JSP|인터넷·IT·통신·모바일·게임>응용프로그래머> JAVA|인터넷·IT·통신·모바일·게임>응용프로그래머>자바스크립트
b84c4902f9ccf3a2,(상암동) JAVA초급 개발자,우성정보기술 서울 마포구,,요건 인원 [담당업무] * 서울 : JAVA개발(전자정부 프레임워크 경험O... 실이 있을 경우 채용이 취소될 수 있습니다. 인터넷·IT·통신·모바일·게임>웹프로그래머> JAVA|인터넷·IT·통신·모바일·게임>응용프로그래머> JAVA
bd3f7a0013b0826a,[정규직/경력직] JAVA/ JSP 개발자,상상스토리 서울 구로구,,후 결정 가능 [장애인채용희망여부] 비희망 [병역특례] - 비희망 인터넷·IT·통신·모바일·게임>응용프로그래머>C·C++|인터넷·IT·통신·모바일·게임>응용프로그래머> JAVA|인터넷·IT·통신·모바일·게임>응용프로그래머>C#
33daac12fd491304,[KSTEC] SW 프로그래머 신입 및 경력사원,지식시스템 성남 분당구,,통신·모바일·게임>웹프로그래머> JAVA|인터넷·IT·통신·모바일·게임>웹프로그래머>JSP|인터넷·IT·통신·모바일·게임>응용프로그래머>C·C++|인터넷·IT·통신·모바일·게임>응용프로그래머> JAVA|인터넷·IT·통신·모바일...
d211f9bb83a5fcd0,[피앤피시큐어] 2021년 수시 (연구개발/연구소),피앤피시큐어 성남 분당구,,"0명 JAVA 기반 자사 웹 솔루션 개발 및 유지보수 < 자격 요건 > * JSP & JAVA Application 개발 가능하신 분 * ( Java, JSP, JavaScript, Spring Framework) * JAVA..."
a71e9ad747ec06ba,(주)엘솔루 R&D본부 ASR팀 개발직,㈜엘솔루 서울,,"습득 기회 제공 [필수사항] ㆍ프로그래밍에 재능 및 열정이 있는 자 ㆍ Java, Python 중 하나 이상의 언어사용자 ㆍWeb 개발능력 ㆍ리눅스... 통신·모바일·게임>응용프로그래머> JAVA|인터넷·IT·통신·모바일·게임..."
b5b88516a299bbb2,(주)신세계아이앤씨 경력사원 상시,신세계아이앤씨 서울 중구,,"설계/프로그래밍 등 有 경험자 기술요소 -. Programming : Java, JSP, JavaScript, SQL 등 -. 데이터분석 : DE... 통신·모바일·게임>응용프로그래머> JAVA|인터넷·IT·통신·모바일·게임..."
9f4a404b406dd19e,[KSTEC] 2021년 경력 사원 (SW개발자),지식시스템 성남 분당구,,"SAS, R, Python, Java 기반) 2. 기업용 데이터과학... 1. SPSS, SAS, R, Python, Java 등 데이터분석/AI개발 도구 사용 가능자 2. Java Programming 가능자 3. DB..."
9acc17c535b42959,2021년 (신입) 전문연구요원 모집,NHN 4.4 성남 판교역,,빅데이터를 수집/처리/가공/ 전송하는 시스템 개발 - Spring/ Java 개발 2년 이상 - 컴퓨터 공학 기초 과목 이수 - 데이터 분석가... 경험 - Python/C++/ Java/C# 개발 경험 - 게임AI나...
f28090062cd391d2,"[신입,경력] application 개발자",유즈브레인넷 서울 구로구,,"VISUALC++, C·C++, 응용프로그램, MFC, Android, iOS, JAVA, Windows [우대사항] 전공계열: 공학계열, 자연과학계... 응용프로그래머>iOS|인터넷·IT·통신·모바일·게임>응용프로그래머> JAVA"
7038122d4b9cd85b,"JAVA, JSP 외 경력 정규직",누리어시스템 서울 서초구,,"PM, PL경력자 우대, 정보처리기사 소지자 우대 (주)누리어시스템 JAVA, JSP 외 경력 정규직 채용 모집부문 및 자격요건 담당업무 자격요건... 통신·모바일·게임>웹프로그래머> JAVA|인터넷·IT·통신·모바일·게임>웹프..."
f9ccf18a71fe2b5a,2021년 상반기 수시 (토목/안전/업무/전산),대한민국,,"학력무관) [우대사항] * java , spring 개발 역량 보유자 * 전산실 업무 유경험자 0명 본사 (대구) 신입 [공통사항] * 업무관련 역량 보유자(학력무관) [우대사항] * java , spring 개발 역량..."
aee052f65e4527f2,JAVA개발 신입/경력 정규직,실크로드소프트 수원 영통구,,소프트 JAVA개발 신입/경력 정규직 채용 모집부문 및 자격요건 모집부문 담당업무 자격요건 인원 JAVA개발 [담당업무] [ Java 기반 솔루션 개발... 터링 솔루션 Backend 개발 - Java 기반의 데이터 정합성 검증 및...
e2b25fbefb3cf401,[교보라이프플래닛생명] 모바일시스템 개발/운영 경력직,교보라이프플래닛생명보험 서울 영등포구,,"UI개발 가능 - Android : Java와 Kotlin 기반 개발 가능... Android Jetpack 활용 경력(경험) ○ Java, JSP, HTML, Java Script, jQuery, Vue 등 개발언어 활용 경험..."
589a5fecc99d4d9d,[신입] 대기업관공서 JAVA 프로그래머,㈜루트시스템즈 서울,,JAVA|인터넷·IT·통신·모바일·게임>웹프로그래머>JSP|인터넷·IT·통신·모바일·게임>웹프로그래머>백엔드|인터넷·IT·통신·모바일·게임>웹프로그래머>프론트엔드|인터넷·IT·통신·모바일·게임>응용프로그래머> JAVA|인터넷...
5ce3dc5dd3f09dd7,"(신입,경력)JAVA/JSP/전자정부 개발자",리버스아이티 서울 영등포구,,"(주)리버스아이티(신입,경력) JAVA/JSP/전자정부 개발자 모집 모집부문 및 자격요건 담당업무 자격요건 인원 [담당업무] 1. 통합회원관리솔루션 웹기반 개발 2. 자격요건 (필수) - JAVA, JSP , SPRING..."
3d4b540e41eaee64,"웹개발, JSP 외 신입 정규직",오렌지베이스캠프 성남 분당구,,사지원서 및 제출서류에 허위사실이 있을 경우 채용이 취소될 수 있습니다. 인터넷·IT·통신·모바일·게임>웹프로그래머>웹개발|인터넷·IT·통신·모바일·게임>웹프로그래머>JSP|인터넷·IT·통신·모바일·게임>웹프로그래머> JAVA
3512786689b17d1c,이트론(주) 2021년 상반기 인재,이트론 서울 금천구,,파트별] 1. 포털 개발 - JAVA 개발 경험자 - MVC 패턴 개발... 기술영업>솔루션·컨텐츠|인터넷·IT·통신·모바일·게임>응용프로그래머> JAVA|인터넷·IT·통신·모바일·게임>응용프로그래머>Linux|인터넷·IT·통신...
710f22d8cfcebf4f,[긴급] 빅데이터 플랫폼 개발에 관심있는 신입/경력 직원,타임소프트 서울 금천구,,"직무내용] -빅데이터 플랫폼 개발( Java, Javascript, R... 000 만원 이상 ~ 면접시 결정) [분야] 1. Java기반 어플리케이션 개발 모집분야 : JAVA, Spring, SpringBoot, HTML5..."
ID,Title,Location,Salary,Summary
